platform,PC,iPhone,total
WhatsApp,118.46548333333334,103.0,221.46548333333334
YouTube,185.63546666666664,0.0,185.63546666666664
Discord,92.32998333333333,0.0,92.32998333333333
LinkedIn,31.777716666666663,0.0,31.777716666666663
Spotify,4.5278833333333335,18.3,22.827883333333332
Reddit,11.691,0.0,11.691
